airline,date_of_journey,source,destination,dep_time,arrival_time,duration,total_stops,additional_info,price
Jet Airways,2019-06-24,Delhi,Cochin,09:00:00,12:35:00,1655,1.0,In-flight meal not included,10262
Vistara,2019-05-01,Kolkata,Banglore,20:20:00,09:05:00,765,1.0,No Info,8452
Indigo,2019-06-06,Banglore,Delhi,18:25:00,21:20:00,175,0.0,No Info,4823
Air India,2019-03-21,Banglore,New Delhi,08:15:00,18:30:00,615,1.0,No Info,4943
Jet Airways,2019-05-06,Kolkata,Banglore,18:55:00,10:05:00,910,1.0,In-flight meal not included,7757
Jet Airways,2019-06-12,Kolkata,Banglore,20:00:00,09:20:00,800,1.0,In-flight meal not included,8529
Indigo,2019-06-27,Kolkata,Banglore,15:15:00,17:45:00,150,0.0,No Info,4804
Air India,2019-05-18,Kolkata,Banglore,08:20:00,20:25:00,725,2.0,No Info,12534
Vistara,2019-06-12,Kolkata,Banglore,17:00:00,23:25:00,385,1.0,No Info,8610
Jet Airways,2019-06-09,Kolkata,Banglore,09:35:00,19:10:00,575,1.0,In-flight meal not included,13994
Jet Airways,2019-06-09,Delhi,Cochin,09:40:00,04:25:00,1125,2.0,In-flight meal not included,10368
Spicejet,2019-05-24,Kolkata,Banglore,11:35:00,18:50:00,435,1.0,No Info,8479
Jet Airways,2019-03-21,Delhi,Cochin,16:10:00,18:50:00,1600,2.0,No Info,13180
Jet Airways,2019-03-21,Delhi,Cochin,19:45:00,04:25:00,520,1.0,In-flight meal not included,5963
Jet Airways,2019-05-27,Delhi,Cochin,14:00:00,04:25:00,865,1.0,In-flight meal not included,12898
Indigo,2019-04-15,Delhi,Cochin,17:05:00,22:15:00,310,1.0,No Info,5912
Jet Airways,2019-05-09,Mumbai,Hyderabad,19:35:00,21:05:00,90,0.0,In-flight meal not included,2759
Jet Airways,2019-06-06,Kolkata,Banglore,06:30:00,18:15:00,705,1.0,In-flight meal not included,10844
Indigo,2019-03-09,Delhi,Cochin,20:30:00,01:35:00,305,1.0,No Info,6937
Jet Airways,2019-06-15,Mumbai,Hyderabad,02:55:00,04:20:00,85,0.0,No Info,5678
Jet Airways,2019-03-06,Delhi,Cochin,22:20:00,04:25:00,365,1.0,No Info,15764
Vistara,2019-05-18,Kolkata,Banglore,20:20:00,20:20:00,1440,1.0,No Info,9555
Air India,2019-03-01,Banglore,New Delhi,11:05:00,22:10:00,665,2.0,Change airports,13576
Jet Airways,2019-05-06,Kolkata,Banglore,18:55:00,10:05:00,910,1.0,No Info,13584
Air India,2019-05-27,Delhi,Cochin,12:00:00,19:15:00,435,2.0,No Info,9653
Indigo,2019-06-12,Delhi,Cochin,16:00:00,01:30:00,570,1.0,No Info,6316
Jet Airways,2019-06-01,Delhi,Cochin,14:35:00,04:25:00,830,2.0,No Info,13376
Vistara,2019-05-15,Kolkata,Banglore,07:10:00,10:45:00,1655,1.0,No Info,8452
Jet Airways,2019-05-06,Kolkata,Banglore,20:00:00,12:00:00,960,1.0,In-flight meal not included,9663
Air India,2019-03-24,Banglore,New Delhi,17:00:00,19:45:00,165,0.0,No Info,5176
Indigo,2019-05-01,Banglore,Delhi,04:00:00,06:50:00,170,0.0,No Info,3943
Air India,2019-05-15,Delhi,Cochin,09:45:00,09:25:00,1420,1.0,No Info,7480
Jet Airways,2019-03-09,Delhi,Cochin,20:10:00,04:25:00,495,2.0,No Info,20904
Multiple Carriers,2019-03-09,Delhi,Cochin,16:00:00,01:35:00,575,1.0,In-flight meal not included,14086
Spicejet,2019-05-24,Mumbai,Hyderabad,22:45:00,00:15:00,90,0.0,No Info,2017
Jet Airways,2019-06-15,Delhi,Cochin,19:15:00,04:25:00,550,1.0,In-flight meal not included,10262
Air India,2019-04-27,Delhi,Cochin,05:15:00,06:50:00,1535,1.0,No Info,6587
Multiple Carriers,2019-06-09,Delhi,Cochin,08:00:00,21:00:00,780,1.0,No Info,7408
Vistara,2019-05-27,Chennai,Kolkata,17:45:00,20:05:00,140,0.0,No Info,11982
Jet Airways,2019-03-18,Mumbai,Hyderabad,19:35:00,21:05:00,90,0.0,No Info,5678
Air Asia,2019-05-12,Banglore,Delhi,04:55:00,07:45:00,170,0.0,No Info,4282
Air India,2019-06-03,Delhi,Cochin,22:00:00,19:15:00,1275,2.0,No Info,10231
Spicejet,2019-06-15,Banglore,Delhi,09:30:00,12:20:00,170,0.0,No check-in baggage included,4885
Multiple Carriers,2019-03-27,Delhi,Cochin,08:00:00,21:00:00,780,1.0,No Info,6883
Indigo,2019-05-21,Chennai,Kolkata,07:55:00,10:15:00,140,0.0,No Info,3850
Air India,2019-05-18,Kolkata,Banglore,12:00:00,21:50:00,590,2.0,No Info,10151
Jet Airways,2019-05-24,Mumbai,Hyderabad,07:05:00,08:30:00,85,0.0,No Info,8040
Jet Airways,2019-03-24,Kolkata,Banglore,19:45:00,12:00:00,975,1.0,No Info,14231
Multiple Carriers,2019-06-24,Delhi,Cochin,06:00:00,12:35:00,395,1.0,No Info,12524
Air India,2019-06-27,Delhi,Cochin,17:15:00,07:40:00,865,2.0,No Info,13039
Jet Airways,2019-03-12,Mumbai,Hyderabad,08:15:00,16:35:00,500,2.0,No Info,23843
Jet Airways,2019-05-21,Banglore,Delhi,07:10:00,10:10:00,180,0.0,In-flight meal not included,4030
Air India,2019-03-21,Delhi,Cochin,20:30:00,23:00:00,1590,1.0,No Info,5704
Air India,2019-06-01,Delhi,Cochin,19:45:00,19:15:00,1410,2.0,No Info,10651
Jet Airways,2019-06-09,Delhi,Cochin,07:05:00,19:00:00,715,1.0,No Info,14714
Jet Airways,2019-05-06,Kolkata,Banglore,09:35:00,19:10:00,575,1.0,No Info,13067
Jet Airways,2019-05-21,Delhi,Cochin,09:40:00,04:25:00,1125,2.0,No Info,15129
Jet Airways,2019-05-24,Kolkata,Banglore,20:25:00,23:35:00,1630,1.0,No Info,14151
Jet Airways,2019-06-12,Delhi,Cochin,22:50:00,04:25:00,335,1.0,In-flight meal not included,10262
Jet Airways,2019-06-01,Delhi,Cochin,09:40:00,12:35:00,1615,2.0,No Info,13014
Multiple Carriers,2019-03-21,Delhi,Cochin,11:30:00,21:00:00,570,1.0,No Info,13062
Multiple Carriers,2019-06-01,Delhi,Cochin,07:05:00,16:10:00,545,1.0,No Info,9646
Jet Airways,2019-06-03,Delhi,Cochin,02:15:00,19:00:00,1005,1.0,In-flight meal not included,10262
Air India,2019-06-06,Kolkata,Banglore,12:00:00,11:10:00,1390,2.0,No Info,9416
Jet Airways,2019-06-24,Delhi,Cochin,18:15:00,12:35:00,1100,1.0,In-flight meal not included,10262
Vistara,2019-06-09,Banglore,Delhi,21:00:00,23:50:00,170,0.0,No Info,4668
Air India,2019-06-09,Delhi,Cochin,20:00:00,19:15:00,1395,1.0,No Info,8372
Air India,2019-05-09,Kolkata,Banglore,16:45:00,08:55:00,970,2.0,No Info,13227
Jet Airways,2019-06-27,Delhi,Cochin,23:05:00,04:25:00,1760,2.0,In-flight meal not included,11150
Jet Airways,2019-06-09,Kolkata,Banglore,10:20:00,17:35:00,435,1.0,No Info,8355
Spicejet,2019-06-12,Delhi,Cochin,08:45:00,13:15:00,270,1.0,No Info,5264
Indigo,2019-06-06,Delhi,Cochin,15:00:00,01:30:00,630,1.0,No Info,5883
Jet Airways,2019-06-24,Delhi,Cochin,18:15:00,04:25:00,610,1.0,In-flight meal not included,10262
Jet Airways,2019-03-18,Banglore,New Delhi,16:55:00,23:00:00,365,1.0,In-flight meal not included,11087
Jet Airways,2019-06-09,Kolkata,Banglore,17:00:00,18:00:00,1500,1.0,No Info,14151
Multiple Carriers,2019-05-09,Delhi,Cochin,04:55:00,19:15:00,860,1.0,No Info,7575
Air India,2019-06-09,Delhi,Cochin,17:15:00,19:15:00,1560,2.0,No Info,12392
Multiple Carriers,2019-06-01,Delhi,Cochin,10:00:00,21:00:00,660,1.0,No Info,13587
Jet Airways,2019-06-01,Delhi,Cochin,05:30:00,12:35:00,425,2.0,In-flight meal not included,13344
Indigo,2019-06-18,Mumbai,Hyderabad,19:05:00,20:35:00,90,0.0,No Info,2754
Indigo,2019-06-06,Kolkata,Banglore,21:25:00,00:05:00,160,0.0,No Info,4804
Air India,2019-06-27,Delhi,Cochin,13:30:00,23:00:00,570,1.0,No Info,8907
Jet Airways,2019-06-06,Kolkata,Banglore,20:00:00,09:20:00,800,1.0,In-flight meal not included,10844
Jet Airways,2019-05-06,Kolkata,Banglore,14:05:00,20:45:00,400,1.0,In-flight meal not included,9663
Jet Airways,2019-06-01,Mumbai,Hyderabad,10:20:00,11:50:00,90,0.0,In-flight meal not included,4050
Indigo,2019-06-01,Delhi,Cochin,14:20:00,22:30:00,490,1.0,No Info,6938
Air India,2019-06-15,Delhi,Cochin,05:55:00,19:15:00,800,2.0,No Info,12646
Multiple Carriers,2019-03-06,Delhi,Cochin,08:00:00,21:00:00,780,1.0,No Info,15078
Jet Airways,2019-06-24,Delhi,Cochin,09:25:00,12:35:00,1630,2.0,No Info,13882
Multiple Carriers,2019-06-09,Delhi,Cochin,19:00:00,01:30:00,390,1.0,No Info,7408
Indigo,2019-03-21,Delhi,Cochin,09:10:00,21:00:00,710,1.0,No Info,8285
Spicejet,2019-04-24,Kolkata,Banglore,22:20:00,00:40:00,140,0.0,No Info,3873
Indigo,2019-03-03,Banglore,New Delhi,18:25:00,21:20:00,175,0.0,No Info,7648
Indigo,2019-03-15,Banglore,New Delhi,20:00:00,22:55:00,175,0.0,No Info,8855
Jet Airways,2019-05-06,Kolkata,Banglore,09:35:00,23:35:00,840,1.0,No Info,12121
Indigo,2019-06-15,Delhi,Cochin,16:00:00,01:30:00,570,1.0,No Info,6316
Air India,2019-06-06,Kolkata,Banglore,12:00:00,21:50:00,590,2.0,No Info,9416
Indigo,2019-06-06,Delhi,Cochin,07:35:00,16:10:00,515,1.0,No Info,6674
Jet Airways,2019-06-24,Delhi,Cochin,10:00:00,12:35:00,1595,1.0,In-flight meal not included,10262
Indigo,2019-06-24,Delhi,Cochin,09:15:00,21:00:00,705,1.0,No Info,6838
Spicejet,2019-03-06,Delhi,Cochin,06:10:00,11:20:00,310,1.0,No Info,9748
Indigo,2019-06-15,Banglore,Delhi,10:10:00,13:00:00,170,0.0,No Info,3943
Jet Airways,2019-06-27,Delhi,Cochin,23:05:00,12:35:00,810,2.0,No Info,12819
Indigo,2019-06-09,Mumbai,Hyderabad,16:55:00,18:25:00,90,0.0,No Info,3175
Spicejet,2019-03-09,Delhi,Cochin,06:10:00,11:20:00,310,1.0,No Info,8382
Multiple Carriers,2019-05-21,Delhi,Cochin,10:35:00,19:00:00,505,1.0,No Info,9103
Indigo,2019-05-18,Chennai,Kolkata,19:35:00,21:55:00,140,0.0,No Info,3597
Indigo,2019-05-06,Banglore,Delhi,06:05:00,08:50:00,165,0.0,No Info,4423
Jet Airways,2019-05-12,Kolkata,Banglore,09:35:00,21:05:00,690,1.0,No Info,14151
Air India,2019-05-21,Banglore,Delhi,05:45:00,08:45:00,180,0.0,No Info,6961
Jet Airways,2019-06-27,Delhi,Cochin,14:00:00,19:00:00,300,1.0,In-flight meal not included,10262
Jet Airways,2019-05-21,Delhi,Cochin,05:30:00,19:00:00,810,2.0,In-flight meal not included,13029
Indigo,2019-06-18,Kolkata,Banglore,17:15:00,19:50:00,155,0.0,No Info,4804
Air India,2019-05-21,Delhi,Cochin,05:10:00,08:00:00,170,0.0,No Info,6094
Air India,2019-05-01,Banglore,Delhi,06:10:00,08:55:00,165,0.0,No Info,6121
Jet Airways,2019-06-09,Kolkata,Banglore,17:00:00,23:35:00,395,1.0,No Info,14676
Jet Airways,2019-03-09,Delhi,Cochin,19:45:00,04:25:00,520,1.0,In-flight meal not included,11848
Air India,2019-05-15,Kolkata,Banglore,05:50:00,12:30:00,1840,2.0,No Info,12723
Multiple Carriers,2019-06-12,Delhi,Cochin,17:45:00,01:30:00,465,1.0,No Info,6795
Jet Airways,2019-06-09,Kolkata,Banglore,14:05:00,19:50:00,345,1.0,In-flight meal not included,10844
Jet Airways,2019-06-09,Kolkata,Banglore,20:00:00,16:20:00,1220,1.0,In-flight meal not included,10844
Air India,2019-06-15,Delhi,Cochin,05:00:00,07:40:00,1600,2.0,No Info,10231
Jet Airways,2019-06-15,Delhi,Cochin,09:00:00,19:00:00,600,1.0,No Info,14714
Multiple Carriers,2019-03-21,Delhi,Cochin,06:00:00,18:50:00,770,1.0,No Info,14629
Indigo,2019-05-18,Delhi,Cochin,16:00:00,01:30:00,570,1.0,No Info,7191
Jet Airways,2019-06-01,Banglore,Delhi,11:10:00,14:05:00,175,0.0,In-flight meal not included,7229
Indigo,2019-05-24,Kolkata,Banglore,18:05:00,23:30:00,325,1.0,No Info,6218
Multiple Carriers,2019-05-15,Delhi,Cochin,06:00:00,21:00:00,900,1.0,No Info,7670
Multiple Carriers,2019-05-21,Delhi,Cochin,13:05:00,00:55:00,710,1.0,No Info,9486
Air Asia,2019-05-18,Delhi,Cochin,16:45:00,07:10:00,865,1.0,No Info,7353
Vistara,2019-03-03,Banglore,New Delhi,19:40:00,22:20:00,160,0.0,No Info,8553
Spicejet,2019-03-24,Kolkata,Banglore,11:15:00,18:15:00,420,1.0,No Info,12287
Jet Airways,2019-05-21,Kolkata,Banglore,09:35:00,09:45:00,1450,1.0,No Info,13067
Goair,2019-04-21,Delhi,Cochin,10:35:00,19:35:00,540,1.0,No Info,7031
Air India,2019-05-06,Kolkata,Banglore,20:30:00,20:25:00,1435,1.0,No Info,10203
Indigo,2019-04-18,Banglore,Delhi,13:00:00,15:50:00,170,0.0,No Info,4990
Jet Airways,2019-05-18,Delhi,Cochin,14:00:00,19:00:00,300,1.0,No Info,15554
Multiple Carriers,2019-06-06,Delhi,Cochin,07:30:00,19:00:00,690,1.0,No Info,12524
Vistara,2019-04-18,Banglore,Delhi,17:00:00,19:35:00,155,0.0,No Info,5613
Indigo,2019-06-01,Delhi,Cochin,16:10:00,22:30:00,380,1.0,No Info,6938
Air India,2019-05-03,Banglore,Delhi,10:00:00,12:45:00,165,0.0,No Info,6121
Jet Airways,2019-06-12,Banglore,Delhi,07:10:00,10:10:00,180,0.0,In-flight meal not included,5769
Indigo,2019-03-03,Banglore,New Delhi,12:10:00,17:05:00,295,1.0,No Info,8738
Spicejet,2019-06-12,Banglore,Delhi,09:30:00,12:20:00,170,0.0,No Info,4423
Air India,2019-06-06,Delhi,Cochin,05:15:00,19:15:00,2280,3.0,No Info,10703
Air India,2019-05-09,Delhi,Cochin,07:00:00,19:15:00,735,1.0,No Info,8669
Jet Airways,2019-04-01,Kolkata,Banglore,08:25:00,20:45:00,740,1.0,No Info,12681
Multiple Carriers,2019-05-09,Delhi,Cochin,14:00:00,21:00:00,420,1.0,No Info,13727
Air India,2019-06-09,Delhi,Cochin,20:15:00,19:15:00,1380,2.0,No Info,13381
Air India,2019-06-09,Banglore,Delhi,10:00:00,12:45:00,165,0.0,No Info,6961
Indigo,2019-04-12,Kolkata,Banglore,15:30:00,18:05:00,155,0.0,No Info,4174
Indigo,2019-03-09,Banglore,New Delhi,00:40:00,03:25:00,165,0.0,No Info,4545
Jet Airways,2019-05-06,Kolkata,Banglore,20:25:00,23:35:00,1630,1.0,No Info,10953
Vistara,2019-06-12,Kolkata,Banglore,20:20:00,22:40:00,1580,1.0,No Info,7927
Air Asia,2019-05-21,Kolkata,Banglore,09:45:00,12:15:00,150,0.0,No Info,4409
Multiple Carriers,2019-06-24,Delhi,Cochin,13:15:00,22:30:00,555,1.0,No Info,8018
Spicejet,2019-06-01,Delhi,Cochin,17:55:00,22:50:00,295,1.0,No Info,5975
Air India,2019-04-01,Banglore,Delhi,13:20:00,16:10:00,170,0.0,No Info,5911
Spicejet,2019-03-09,Banglore,New Delhi,09:35:00,12:30:00,175,0.0,No Info,6205
Vistara,2019-04-03,Banglore,Delhi,07:00:00,09:40:00,160,0.0,No Info,5403
Indigo,2019-05-03,Mumbai,Hyderabad,02:35:00,04:05:00,90,0.0,No Info,2754
Indigo,2019-06-18,Banglore,Delhi,00:25:00,03:15:00,170,0.0,No Info,3419
Spicejet,2019-04-21,Kolkata,Banglore,17:10:00,19:40:00,150,0.0,No Info,4911
Goair,2019-03-06,Delhi,Cochin,14:10:00,19:20:00,310,1.0,No Info,19495
Jet Airways,2019-03-06,Delhi,Cochin,19:10:00,04:25:00,1995,2.0,No Info,20694
Air India,2019-06-06,Mumbai,Hyderabad,06:20:00,07:40:00,80,0.0,No Info,3100
Indigo,2019-03-21,Delhi,Cochin,07:30:00,21:00:00,810,1.0,No Info,8784
Air Asia,2019-05-21,Kolkata,Banglore,19:55:00,22:25:00,150,0.0,No Info,4107
Jet Airways,2019-04-01,Delhi,Cochin,10:00:00,12:35:00,1595,1.0,In-flight meal not included,5406
Jet Airways,2019-04-03,Banglore,Delhi,17:45:00,20:45:00,180,0.0,No Info,7229
Indigo,2019-06-15,Banglore,Delhi,01:30:00,04:15:00,165,0.0,No Info,3419
Jet Airways,2019-06-01,Delhi,Cochin,21:50:00,04:25:00,395,1.0,In-flight meal not included,10262
Multiple Carriers,2019-03-06,Delhi,Cochin,10:20:00,01:35:00,915,1.0,No Info,15147
Jet Airways,2019-03-06,Delhi,Cochin,21:50:00,04:25:00,395,1.0,In-flight meal not included,13843
Jet Airways,2019-05-01,Kolkata,Banglore,20:25:00,22:05:00,1540,1.0,No Info,14151
Jet Airways,2019-06-12,Kolkata,Banglore,16:30:00,16:20:00,1430,1.0,No Info,13044
Jet Airways,2019-06-09,Delhi,Cochin,19:45:00,19:00:00,1395,1.0,No Info,14924
Spicejet,2019-04-06,Kolkata,Banglore,22:20:00,00:40:00,140,0.0,No Info,3873
Jet Airways,2019-05-18,Kolkata,Banglore,08:25:00,19:50:00,685,1.0,In-flight meal not included,10844
Indigo,2019-05-15,Kolkata,Banglore,09:20:00,14:15:00,295,1.0,No Info,11319
Air Asia,2019-05-09,Delhi,Cochin,20:45:00,07:10:00,625,1.0,No Info,6751
Indigo,2019-04-06,Kolkata,Banglore,06:15:00,10:30:00,255,1.0,No Info,4226
Air India,2019-04-06,Banglore,Delhi,06:10:00,08:55:00,165,0.0,No Info,5176
Multiple Carriers,2019-06-01,Delhi,Cochin,13:00:00,21:00:00,480,1.0,No Info,13587
Jet Airways,2019-03-06,Mumbai,Hyderabad,13:05:00,16:50:00,1665,2.0,No Info,21375
Spicejet,2019-06-01,Mumbai,Hyderabad,22:45:00,00:15:00,90,0.0,No check-in baggage included,1965
Indigo,2019-04-06,Kolkata,Banglore,14:25:00,16:55:00,150,0.0,No Info,4174
Vistara,2019-03-24,Kolkata,Banglore,17:00:00,10:50:00,1070,1.0,No Info,12890
Jet Airways,2019-06-12,Delhi,Cochin,09:40:00,12:35:00,1615,2.0,In-flight meal not included,10368
Jet Airways,2019-06-12,Kolkata,Banglore,06:30:00,18:15:00,705,1.0,No Info,13626
Jet Airways,2019-03-03,Delhi,Cochin,18:15:00,18:50:00,1475,1.0,No Info,17234
Jet Airways,2019-05-09,Delhi,Cochin,02:15:00,04:25:00,1570,1.0,In-flight meal not included,12373
Multiple Carriers,2019-03-03,Delhi,Cochin,13:05:00,21:20:00,495,2.0,No Info,11966
Multiple Carriers,2019-03-06,Delhi,Cochin,16:00:00,01:35:00,575,1.0,In-flight meal not included,15136
Air India,2019-03-01,Banglore,New Delhi,22:00:00,23:20:00,1520,1.0,Change airports,14305
Jet Airways,2019-05-24,Kolkata,Banglore,14:05:00,09:20:00,1155,1.0,In-flight meal not included,9663
Air India,2019-03-06,Banglore,New Delhi,11:50:00,08:55:00,1265,1.0,No Info,14594
Vistara,2019-06-12,Chennai,Kolkata,17:45:00,20:05:00,140,0.0,No Info,11982
Air India,2019-06-12,Chennai,Kolkata,11:40:00,13:55:00,135,0.0,No Info,4667
Indigo,2019-06-24,Delhi,Cochin,11:25:00,01:30:00,845,1.0,No Info,5684
Jet Airways,2019-06-21,Banglore,Delhi,18:55:00,22:00:00,185,0.0,No Info,8541
Multiple Carriers,2019-03-27,Delhi,Cochin,04:00:00,18:50:00,890,1.0,No Info,11299
Jet Airways,2019-04-01,Kolkata,Banglore,10:20:00,17:35:00,435,1.0,In-flight meal not included,6077
Jet Airways,2019-03-06,Delhi,Cochin,02:15:00,18:50:00,995,1.0,No Info,17024
Jet Airways,2019-03-01,Banglore,New Delhi,05:45:00,11:25:00,340,1.0,Business class,79512
Vistara,2019-04-01,Kolkata,Banglore,07:10:00,20:20:00,790,1.0,No Info,8452
Jet Airways,2019-05-09,Delhi,Cochin,10:00:00,04:25:00,1105,1.0,In-flight meal not included,12373
Jet Airways,2019-05-01,Banglore,Delhi,08:20:00,11:20:00,180,0.0,In-flight meal not included,5198
Indigo,2019-05-18,Delhi,Cochin,08:35:00,22:30:00,835,1.0,No Info,7144
Vistara,2019-05-15,Kolkata,Banglore,07:10:00,20:20:00,790,1.0,No Info,8610
Multiple Carriers,2019-03-03,Delhi,Cochin,11:30:00,18:50:00,440,1.0,No Info,15135
Air India,2019-05-15,Kolkata,Banglore,19:00:00,11:05:00,965,1.0,No Info,6117
Air Asia,2019-03-01,Banglore,New Delhi,05:50:00,08:40:00,170,0.0,No Info,10715
Jet Airways,2019-03-01,Mumbai,Hyderabad,07:10:00,08:35:00,85,0.0,No Info,17501
Indigo,2019-06-24,Delhi,Cochin,07:30:00,21:00:00,810,1.0,No Info,6093
Air India,2019-06-12,Kolkata,Banglore,05:50:00,13:15:00,445,2.0,No Info,7662
Indigo,2019-04-03,Banglore,Delhi,10:10:00,13:00:00,170,0.0,No Info,3943
Indigo,2019-04-24,Banglore,Delhi,18:55:00,21:50:00,175,0.0,No Info,4823
Multiple Carriers,2019-03-06,Delhi,Cochin,13:05:00,21:20:00,495,2.0,No Info,10759
Spicejet,2019-06-01,Banglore,Delhi,09:30:00,12:20:00,170,0.0,No Info,3971
Jet Airways,2019-03-12,Banglore,New Delhi,08:00:00,21:20:00,800,1.0,No Info,13817
Jet Airways,2019-03-09,Banglore,New Delhi,09:45:00,00:30:00,885,1.0,In-flight meal not included,10562
Spicejet,2019-06-15,Chennai,Kolkata,09:45:00,12:00:00,135,0.0,No check-in baggage included,3543
Jet Airways,2019-05-18,Kolkata,Banglore,21:10:00,08:15:00,665,1.0,In-flight meal not included,8586
Jet Airways,2019-05-06,Kolkata,Banglore,06:30:00,18:15:00,705,1.0,No Info,14781
Air Asia,2019-05-09,Kolkata,Banglore,19:55:00,23:30:00,215,1.0,No Info,5162
Spicejet,2019-03-21,Kolkata,Banglore,22:20:00,00:40:00,140,0.0,No Info,3847
Indigo,2019-06-06,Chennai,Kolkata,11:35:00,14:00:00,145,0.0,No Info,3858
Multiple Carriers,2019-06-15,Delhi,Cochin,18:15:00,01:30:00,435,1.0,No Info,13377
Jet Airways,2019-06-21,Mumbai,Hyderabad,19:35:00,21:05:00,90,0.0,In-flight meal not included,3210
Spicejet,2019-05-03,Chennai,Kolkata,17:45:00,20:05:00,140,0.0,No check-in baggage included,3543
Air India,2019-06-27,Delhi,Cochin,12:30:00,09:25:00,1255,1.0,No Info,7480
Multiple Carriers,2019-03-27,Delhi,Cochin,16:00:00,01:35:00,575,1.0,No Info,12327
Indigo,2019-05-27,Banglore,Delhi,20:00:00,22:50:00,170,0.0,No Info,4823
Air India,2019-05-15,Delhi,Cochin,17:15:00,09:25:00,970,2.0,No Info,8839
Air India,2019-05-21,Delhi,Cochin,05:55:00,07:40:00,1545,2.0,No Info,11911
Indigo,2019-03-15,Chennai,Kolkata,07:55:00,10:15:00,140,0.0,No Info,6297
Air India,2019-04-01,Kolkata,Banglore,10:00:00,10:30:00,1470,3.0,No Info,12954
Indigo,2019-04-24,Kolkata,Banglore,15:30:00,18:05:00,155,0.0,No Info,4804
Jet Airways,2019-06-06,Delhi,Cochin,13:00:00,04:25:00,925,1.0,No Info,14714
Goair,2019-03-09,Banglore,New Delhi,15:50:00,20:15:00,265,1.0,No Info,7657
Air India,2019-03-01,Banglore,New Delhi,13:50:00,18:40:00,1730,1.0,No Info,17198
Jet Airways,2019-05-24,Kolkata,Banglore,08:25:00,20:45:00,740,1.0,In-flight meal not included,10844
Multiple Carriers,2019-05-27,Delhi,Cochin,10:35:00,19:15:00,520,1.0,No Info,8625
Air India,2019-05-24,Mumbai,Hyderabad,13:55:00,15:25:00,90,0.0,No Info,3100
Multiple Carriers,2019-06-06,Delhi,Cochin,08:00:00,19:15:00,675,1.0,No Info,14848
Indigo,2019-05-06,Banglore,Delhi,01:30:00,04:15:00,165,0.0,No Info,4284
Air India,2019-05-21,Delhi,Cochin,09:30:00,23:00:00,810,1.0,No Info,8907
Jet Airways,2019-05-18,Delhi,Cochin,09:00:00,04:25:00,1165,1.0,In-flight meal not included,12373
Multiple Carriers,2019-05-21,Delhi,Cochin,11:40:00,01:30:00,830,1.0,No Info,7485
Indigo,2019-03-03,Mumbai,Hyderabad,09:10:00,10:40:00,90,0.0,No Info,5755
Air India,2019-06-24,Delhi,Cochin,05:15:00,06:50:00,1535,1.0,No Info,6587
Air India,2019-06-09,Kolkata,Banglore,09:25:00,05:25:00,1200,2.0,No Info,13007
Spicejet,2019-03-27,Delhi,Cochin,15:55:00,21:55:00,360,1.0,No Info,5111
Jet Airways,2019-06-27,Delhi,Cochin,13:00:00,12:35:00,1415,1.0,In-flight meal not included,10262
Indigo,2019-04-24,Banglore,Delhi,01:30:00,04:15:00,165,0.0,No Info,3419
Indigo,2019-06-01,Delhi,Cochin,11:25:00,01:30:00,845,1.0,No Info,6206
Air India,2019-05-18,Delhi,Cochin,17:20:00,09:25:00,965,1.0,No Info,7690
Indigo,2019-04-06,Banglore,Delhi,07:10:00,10:05:00,175,0.0,No Info,4823
Multiple Carriers,2019-03-27,Delhi,Cochin,07:30:00,21:00:00,810,1.0,No Info,8055
Jet Airways,2019-04-15,Banglore,Delhi,06:00:00,08:45:00,165,0.0,No Info,7229
Air India,2019-05-27,Delhi,Cochin,05:10:00,08:00:00,170,0.0,No Info,6094
Multiple Carriers,2019-06-01,Delhi,Cochin,06:40:00,19:00:00,740,1.0,No Info,11200
Air India,2019-03-09,Banglore,New Delhi,13:20:00,16:10:00,170,0.0,No Info,8851
Indigo,2019-05-18,Kolkata,Banglore,21:25:00,00:05:00,160,0.0,No Info,4804
Jet Airways,2019-06-06,Delhi,Cochin,11:40:00,19:00:00,440,2.0,In-flight meal not included,15812
Jet Airways,2019-05-09,Delhi,Cochin,13:00:00,12:35:00,1415,1.0,In-flight meal not included,12373
Air Asia,2019-06-03,Delhi,Cochin,07:55:00,15:45:00,470,1.0,No Info,8759
Indigo,2019-03-03,Banglore,New Delhi,10:05:00,13:00:00,175,0.0,No Info,7648
Indigo,2019-05-21,Delhi,Cochin,20:25:00,01:30:00,305,1.0,No Info,5054
Jet Airways,2019-06-15,Delhi,Cochin,09:40:00,12:35:00,1615,2.0,No Info,13014
Jet Airways,2019-05-12,Kolkata,Banglore,18:55:00,18:15:00,1400,1.0,In-flight meal not included,10844
Air India,2019-03-06,Banglore,New Delhi,12:00:00,23:25:00,685,3.0,No Info,14195
Air India,2019-05-09,Banglore,Delhi,10:00:00,12:45:00,165,0.0,No Info,5228
Indigo,2019-05-27,Kolkata,Banglore,09:35:00,12:20:00,165,0.0,No Info,4804
Air India,2019-06-09,Delhi,Cochin,09:45:00,09:25:00,1420,2.0,No Info,11185
Multiple Carriers,2019-06-03,Delhi,Cochin,07:00:00,19:00:00,720,1.0,No Info,12402
Jet Airways,2019-06-15,Delhi,Cochin,14:35:00,04:25:00,830,2.0,No Info,13376
Jet Airways,2019-03-21,Delhi,Cochin,10:45:00,18:50:00,1925,2.0,In-flight meal not included,9270
Indigo,2019-06-24,Delhi,Cochin,07:15:00,12:30:00,315,1.0,No Info,6582
Jet Airways,2019-06-06,Kolkata,Banglore,20:00:00,16:20:00,1220,1.0,In-flight meal not included,10844
Indigo,2019-06-12,Banglore,Delhi,08:30:00,11:20:00,170,0.0,No Info,4823
Jet Airways,2019-05-09,Kolkata,Banglore,20:25:00,18:00:00,1295,1.0,No Info,11467
Jet Airways,2019-06-27,Delhi,Cochin,13:25:00,19:00:00,1775,2.0,No Info,15339
Air India,2019-04-03,Kolkata,Banglore,20:45:00,23:20:00,155,0.0,No Info,4460
Jet Airways,2019-03-06,Delhi,Cochin,13:00:00,04:25:00,925,1.0,In-flight meal not included,13843
Air India,2019-05-15,Kolkata,Banglore,05:50:00,16:15:00,2065,2.0,No Info,12723
Air India,2019-05-09,Delhi,Cochin,12:00:00,19:15:00,435,2.0,No Info,8918
Indigo,2019-03-21,Delhi,Cochin,06:40:00,22:20:00,940,1.0,No Info,6558
Spicejet,2019-05-21,Kolkata,Banglore,15:05:00,20:20:00,315,1.0,No Info,4649
Multiple Carriers,2019-06-03,Delhi,Cochin,08:00:00,21:00:00,780,1.0,No Info,13797
Indigo,2019-05-27,Chennai,Kolkata,19:35:00,21:55:00,140,0.0,No Info,3597
Jet Airways,2019-05-24,Banglore,Delhi,17:45:00,20:45:00,180,0.0,No Info,7229
Indigo,2019-04-06,Delhi,Cochin,10:35:00,15:35:00,300,1.0,No Info,5073
Air India,2019-03-03,Banglore,New Delhi,10:30:00,11:20:00,1490,1.0,No Info,11003
Jet Airways,2019-06-06,Kolkata,Banglore,09:35:00,19:10:00,575,1.0,In-flight meal not included,13469
Spicejet,2019-06-01,Kolkata,Banglore,09:00:00,11:25:00,145,0.0,No Info,4174
Air India,2019-06-09,Mumbai,Hyderabad,21:05:00,22:25:00,80,0.0,No Info,3100
Jet Airways,2019-06-12,Delhi,Cochin,06:45:00,04:25:00,1300,2.0,No Info,13376
Multiple Carriers,2019-03-21,Delhi,Cochin,09:10:00,19:15:00,605,1.0,No Info,8601
Air Asia,2019-06-06,Kolkata,Banglore,19:55:00,22:25:00,150,0.0,No Info,4508
Jet Airways,2019-06-09,Delhi,Cochin,19:45:00,12:35:00,1010,1.0,In-flight meal not included,10577
Jet Airways,2019-03-21,Banglore,New Delhi,05:45:00,21:20:00,935,1.0,In-flight meal not included,7832
Jet Airways,2019-03-06,Banglore,New Delhi,11:40:00,10:25:00,1365,1.0,No Info,17261
Indigo,2019-03-09,Banglore,New Delhi,18:55:00,21:45:00,170,0.0,No Info,6860
Air India,2019-03-12,Banglore,New Delhi,08:50:00,13:55:00,1745,2.0,No Info,13303
Air India,2019-06-24,Delhi,Cochin,10:55:00,07:40:00,1245,2.0,No Info,11753
Indigo,2019-03-06,Delhi,Cochin,11:55:00,22:20:00,625,1.0,No Info,6442
Air Asia,2019-05-01,Banglore,Delhi,23:55:00,02:45:00,170,0.0,No Info,4483
Air India,2019-06-09,Delhi,Cochin,19:45:00,19:15:00,1410,2.0,No Info,9968
Indigo,2019-04-01,Kolkata,Banglore,18:05:00,23:30:00,325,1.0,No Info,6284
Jet Airways,2019-06-24,Delhi,Cochin,11:45:00,04:25:00,1000,2.0,No Info,13357
Jet Airways,2019-06-21,Banglore,Delhi,06:00:00,08:45:00,165,0.0,No Info,8016
Indigo,2019-05-27,Delhi,Cochin,04:55:00,21:00:00,965,1.0,No Info,8784
Jet Airways,2019-03-09,Banglore,New Delhi,21:25:00,07:40:00,615,1.0,In-flight meal not included,7832
Multiple Carriers,2019-03-09,Delhi,Cochin,19:00:00,01:35:00,395,1.0,No Info,13677
Spicejet,2019-05-12,Banglore,Delhi,05:55:00,08:35:00,160,0.0,No Info,3311
Jet Airways,2019-05-09,Kolkata,Banglore,06:30:00,10:05:00,1655,1.0,In-flight meal not included,8586
Spicejet,2019-04-12,Banglore,Delhi,09:30:00,12:20:00,170,0.0,No Info,4991
Jet Airways,2019-05-27,Delhi,Cochin,09:00:00,19:00:00,600,1.0,In-flight meal not included,10675
Multiple Carriers,2019-03-27,Delhi,Cochin,09:00:00,15:30:00,390,1.0,No Info,6673
Vistara,2019-03-03,Banglore,New Delhi,06:40:00,10:25:00,1665,1.0,No Info,12476
Jet Airways,2019-05-09,Kolkata,Banglore,14:05:00,20:45:00,400,1.0,In-flight meal not included,10844
Jet Airways,2019-05-18,Delhi,Cochin,14:35:00,04:25:00,830,2.0,In-flight meal not included,13848
Jet Airways,2019-05-21,Delhi,Cochin,09:40:00,12:35:00,1615,2.0,In-flight meal not included,13029
Indigo,2019-03-06,Delhi,Cochin,16:10:00,22:20:00,370,1.0,No Info,7205
Vistara,2019-05-09,Banglore,Delhi,07:00:00,09:40:00,160,0.0,No Info,4668
Indigo,2019-03-03,Banglore,New Delhi,00:40:00,03:25:00,165,0.0,No Info,6144
Jet Airways,2019-06-03,Mumbai,Hyderabad,07:05:00,08:30:00,85,0.0,In-flight meal not included,4995
Jet Airways,2019-03-12,Banglore,New Delhi,07:00:00,21:20:00,860,1.0,No Info,13817
Air Asia,2019-03-24,Banglore,New Delhi,05:50:00,08:40:00,170,0.0,No Info,4284
Air India,2019-05-09,Delhi,Cochin,20:40:00,09:25:00,765,1.0,No Info,7480
Jet Airways,2019-06-06,Delhi,Cochin,09:25:00,04:25:00,1140,2.0,In-flight meal not included,11992
Jet Airways,2019-05-18,Kolkata,Banglore,21:10:00,10:05:00,775,1.0,In-flight meal not included,8586
Jet Airways,2019-06-12,Kolkata,Banglore,06:30:00,19:50:00,800,1.0,In-flight meal not included,9899
Indigo,2019-03-06,Delhi,Cochin,04:45:00,13:20:00,515,1.0,No Info,13611
Indigo,2019-06-03,Delhi,Cochin,08:35:00,16:10:00,455,1.0,No Info,6442
Indigo,2019-03-09,Delhi,Cochin,04:45:00,21:00:00,975,1.0,No Info,10518
Jet Airways,2019-05-21,Delhi,Cochin,19:10:00,19:00:00,1430,2.0,No Info,15129
Air Asia,2019-05-21,Delhi,Cochin,16:45:00,07:10:00,865,1.0,No Info,8327
Jet Airways,2019-05-09,Kolkata,Banglore,20:25:00,23:35:00,1630,1.0,No Info,13067
Spicejet,2019-06-15,Mumbai,Hyderabad,05:45:00,07:15:00,90,0.0,No Info,2753
Jet Airways,2019-06-12,Kolkata,Banglore,09:35:00,19:10:00,575,1.0,No Info,12692
Vistara,2019-05-15,Kolkata,Banglore,07:10:00,22:40:00,930,1.0,No Info,8452
Indigo,2019-04-24,Kolkata,Banglore,15:15:00,20:05:00,290,1.0,No Info,4565
Indigo,2019-05-18,Mumbai,Hyderabad,16:55:00,18:25:00,90,0.0,No Info,3838
Jet Airways,2019-06-09,Delhi,Cochin,19:15:00,04:25:00,550,1.0,In-flight meal not included,10577
Multiple Carriers,2019-05-27,Delhi,Cochin,08:30:00,19:00:00,630,1.0,No Info,9627
Jet Airways,2019-05-21,Delhi,Cochin,13:25:00,12:35:00,1390,2.0,No Info,15129
Air India,2019-04-24,Kolkata,Banglore,20:45:00,23:20:00,155,0.0,No Info,4145
Vistara,2019-05-15,Kolkata,Banglore,17:00:00,20:20:00,1640,1.0,No Info,8610
Air India,2019-05-24,Kolkata,Banglore,12:00:00,21:50:00,590,2.0,No Info,9941
Air India,2019-06-03,Delhi,Cochin,10:55:00,07:40:00,1245,2.0,No Info,11753
Indigo,2019-05-09,Delhi,Cochin,20:25:00,01:30:00,305,1.0,No Info,7255
Air India,2019-05-21,Kolkata,Banglore,09:25:00,05:35:00,1210,2.0,No Info,11432
Multiple Carriers,2019-03-09,Delhi,Cochin,15:05:00,01:35:00,630,1.0,In-flight meal not included,14086
Indigo,2019-03-03,Delhi,Cochin,17:30:00,01:35:00,485,1.0,No Info,14871
Jet Airways,2019-06-24,Delhi,Cochin,20:00:00,04:25:00,505,2.0,No Info,14300
Indigo,2019-06-12,Banglore,Delhi,18:55:00,21:50:00,175,0.0,No Info,4823
Jet Airways,2019-04-15,Banglore,Delhi,18:55:00,22:00:00,185,0.0,No Info,7229
Indigo,2019-03-21,Banglore,New Delhi,04:00:00,06:50:00,170,0.0,No Info,4777
Jet Airways,2019-06-06,Kolkata,Banglore,20:00:00,19:50:00,1430,1.0,In-flight meal not included,10844
Spicejet,2019-05-27,Kolkata,Banglore,06:55:00,09:30:00,155,0.0,No check-in baggage included,3841
Jet Airways,2019-06-09,Banglore,Delhi,17:45:00,20:45:00,180,0.0,In-flight meal not included,7229
Jet Airways,2019-06-18,Banglore,Delhi,11:10:00,14:05:00,175,0.0,In-flight meal not included,5769
Jet Airways,2019-05-09,Kolkata,Banglore,09:35:00,21:05:00,690,1.0,In-flight meal not included,12384
Indigo,2019-04-27,Kolkata,Banglore,15:15:00,17:45:00,150,0.0,No Info,4804
Indigo,2019-05-18,Banglore,Delhi,07:10:00,10:05:00,175,0.0,No Info,4823
Vistara,2019-04-24,Delhi,Cochin,06:00:00,09:10:00,190,0.0,No Info,6216
Jet Airways,2019-06-09,Delhi,Cochin,14:35:00,12:35:00,1320,2.0,No Info,13376
Air India,2019-03-24,Chennai,Kolkata,11:40:00,13:55:00,135,0.0,No Info,4405
Air India,2019-03-27,Delhi,Cochin,05:55:00,19:15:00,2240,2.0,No Info,8446
Multiple Carriers,2019-06-27,Delhi,Cochin,08:30:00,19:00:00,630,1.0,No Info,11200
Air India,2019-05-15,Banglore,Delhi,21:05:00,23:55:00,170,0.0,No Info,5228
Air Asia,2019-05-18,Kolkata,Banglore,22:50:00,01:20:00,150,0.0,No Info,4409
Indigo,2019-06-09,Delhi,Cochin,11:25:00,21:00:00,575,1.0,No Info,6416
Air India,2019-06-06,Delhi,Cochin,13:20:00,07:40:00,1100,2.0,No Info,12751
Jet Airways,2019-03-18,Mumbai,Hyderabad,15:50:00,17:20:00,90,0.0,In-flight meal not included,2228
Jet Airways,2019-06-12,Kolkata,Banglore,21:10:00,09:20:00,730,1.0,No Info,13044
Jet Airways,2019-05-24,Kolkata,Banglore,20:25:00,18:00:00,1295,1.0,No Info,14151
Air India,2019-05-18,Delhi,Cochin,20:40:00,09:25:00,765,1.0,No Info,7480
Spicejet,2019-06-06,Chennai,Kolkata,08:20:00,10:35:00,135,0.0,No Info,3597
Indigo,2019-03-15,Chennai,Kolkata,13:20:00,15:35:00,135,0.0,No Info,6297
Air India,2019-06-09,Delhi,Cochin,18:05:00,21:10:00,185,0.0,No Info,8456
Jet Airways,2019-03-18,Banglore,New Delhi,11:40:00,18:25:00,405,1.0,No Info,12284
Air India,2019-06-24,Delhi,Cochin,19:45:00,19:15:00,1410,2.0,No Info,9443
Jet Airways,2019-06-06,Kolkata,Banglore,17:00:00,18:00:00,1500,1.0,No Info,12692
Jet Airways,2019-05-18,Kolkata,Banglore,20:25:00,19:10:00,1365,1.0,No Info,14151
Indigo,2019-06-18,Mumbai,Hyderabad,02:35:00,04:05:00,90,0.0,No Info,2754
Indigo,2019-03-09,Kolkata,Banglore,20:25:00,23:05:00,160,0.0,No Info,4148
Indigo,2019-04-12,Banglore,Delhi,04:00:00,06:50:00,170,0.0,No Info,4423
Multiple Carriers,2019-05-18,Delhi,Cochin,07:10:00,22:30:00,920,1.0,No Info,7740
Vistara,2019-05-01,Kolkata,Banglore,07:10:00,22:40:00,930,1.0,No Info,8452
Air India,2019-05-21,Kolkata,Banglore,08:20:00,21:50:00,810,2.0,No Info,10697
Multiple Carriers,2019-03-06,Delhi,Cochin,09:00:00,15:30:00,390,1.0,In-flight meal not included,15136
Air India,2019-06-24,Delhi,Cochin,05:15:00,19:15:00,2280,3.0,No Info,10493
Indigo,2019-03-21,Delhi,Cochin,04:55:00,21:20:00,985,2.0,No Info,6223
Indigo,2019-06-12,Kolkata,Banglore,11:30:00,14:05:00,155,0.0,No Info,4804
Vistara,2019-06-27,Chennai,Kolkata,17:45:00,20:05:00,140,0.0,No Info,11982
Indigo,2019-05-09,Delhi,Cochin,06:40:00,21:00:00,860,1.0,No Info,7191
Jet Airways,2019-03-06,Banglore,New Delhi,05:45:00,12:25:00,400,1.0,No Info,22270
Multiple Carriers,2019-05-21,Delhi,Cochin,08:00:00,19:00:00,660,1.0,No Info,10197
Air India,2019-05-27,Delhi,Cochin,17:40:00,09:35:00,955,1.0,No Info,7258
Indigo,2019-06-12,Delhi,Cochin,07:30:00,21:00:00,810,1.0,No Info,6093
Jet Airways,2019-05-12,Kolkata,Banglore,17:00:00,23:35:00,395,1.0,No Info,14151
Air India,2019-06-12,Kolkata,Banglore,16:45:00,12:30:00,1185,2.0,No Info,14960
Air Asia,2019-05-15,Delhi,Cochin,16:45:00,07:10:00,865,1.0,No Info,6752
Jet Airways,2019-04-06,Banglore,Delhi,19:50:00,22:50:00,180,0.0,No Info,7229
Jet Airways,2019-03-01,Banglore,New Delhi,08:55:00,21:20:00,745,1.0,1 Long layover,27992
Indigo,2019-04-09,Banglore,Delhi,20:00:00,22:50:00,170,0.0,No Info,4823
Multiple Carriers,2019-06-01,Delhi,Cochin,12:50:00,01:30:00,760,1.0,No Info,6795
Multiple Carriers,2019-03-21,Delhi,Cochin,10:00:00,01:35:00,935,1.0,No Info,8098
Vistara,2019-05-06,Kolkata,Banglore,17:00:00,10:45:00,1065,1.0,No Info,8662
Multiple Carriers,2019-06-09,Delhi,Cochin,03:50:00,11:30:00,460,1.0,No Info,7408
Spicejet,2019-05-06,Chennai,Kolkata,17:45:00,20:05:00,140,0.0,No Info,3597
Air Asia,2019-03-27,Delhi,Cochin,07:55:00,13:10:00,315,1.0,No Info,6151
Jet Airways,2019-06-18,Banglore,Delhi,19:50:00,22:50:00,180,0.0,No Info,8016
Spicejet,2019-04-01,Delhi,Cochin,06:05:00,11:20:00,315,1.0,No Info,5351
Jet Airways,2019-05-21,Delhi,Cochin,10:00:00,04:25:00,1105,1.0,In-flight meal not included,12898
Jet Airways,2019-04-15,Banglore,Delhi,18:55:00,22:00:00,185,0.0,In-flight meal not included,4544
Jet Airways,2019-06-12,Delhi,Cochin,20:00:00,04:25:00,505,2.0,In-flight meal not included,12410
Indigo,2019-03-24,Mumbai,Hyderabad,16:55:00,18:25:00,90,0.0,No Info,3175
Goair,2019-03-24,Banglore,New Delhi,07:45:00,10:40:00,175,0.0,No Info,5048
Air Asia,2019-05-03,Kolkata,Banglore,10:20:00,12:55:00,155,0.0,No Info,4409
Jet Airways,2019-05-01,Kolkata,Banglore,17:00:00,18:00:00,1500,1.0,No Info,11467
Jet Airways,2019-06-09,Delhi,Cochin,11:45:00,12:35:00,1490,2.0,No Info,13882
Indigo,2019-03-09,Mumbai,Hyderabad,09:10:00,10:35:00,85,0.0,No Info,7417
Goair,2019-03-15,Banglore,New Delhi,15:45:00,20:15:00,270,1.0,No Info,7657
Air India,2019-03-24,Banglore,New Delhi,06:55:00,13:20:00,385,1.0,No Info,7932
Jet Airways,2019-05-18,Delhi,Cochin,14:00:00,04:25:00,865,1.0,In-flight meal not included,12373
Multiple Carriers,2019-03-01,Delhi,Cochin,00:20:00,13:20:00,780,1.0,No Info,29528
Indigo,2019-06-06,Delhi,Cochin,06:50:00,16:10:00,560,1.0,No Info,6674
Jet Airways,2019-05-01,Mumbai,Hyderabad,07:05:00,08:30:00,85,0.0,No Info,8040
Air India,2019-06-21,Chennai,Kolkata,11:40:00,13:55:00,135,0.0,No Info,4667
Jet Airways,2019-05-09,Banglore,Delhi,11:10:00,14:05:00,175,0.0,No Info,7229
Air India,2019-03-03,Banglore,New Delhi,11:05:00,22:10:00,2105,2.0,No Info,11791
Indigo,2019-06-01,Banglore,Delhi,00:25:00,03:15:00,170,0.0,No Info,4077
Air India,2019-06-06,Delhi,Cochin,09:45:00,23:00:00,795,1.0,No Info,8907
Multiple Carriers,2019-03-06,Delhi,Cochin,07:05:00,13:20:00,375,1.0,No Info,17267
Air India,2019-05-06,Kolkata,Banglore,09:10:00,04:40:00,1170,2.0,No Info,6117
Jet Airways,2019-06-15,Delhi,Cochin,14:00:00,19:00:00,300,1.0,No Info,14714
Air India,2019-06-24,Delhi,Cochin,18:05:00,21:10:00,185,0.0,No Info,5201
Jet Airways,2019-05-24,Kolkata,Banglore,14:05:00,23:35:00,570,1.0,No Info,14571
Air India,2019-06-01,Delhi,Cochin,17:40:00,23:00:00,320,1.0,No Info,7384
Jet Airways,2019-03-15,Banglore,New Delhi,05:45:00,11:25:00,340,1.0,In-flight meal not included,9134
Jet Airways,2019-05-09,Banglore,Delhi,06:00:00,08:45:00,165,0.0,In-flight meal not included,4030
Air India,2019-06-09,Kolkata,Banglore,20:30:00,20:25:00,1435,1.0,No Info,10203
Air India,2019-06-09,Kolkata,Banglore,09:25:00,18:30:00,545,1.0,No Info,8576
Jet Airways,2019-04-01,Kolkata,Banglore,20:25:00,18:00:00,1295,1.0,No Info,11467
Jet Airways,2019-06-06,Delhi,Cochin,14:00:00,19:00:00,300,1.0,In-flight meal not included,10262
Indigo,2019-05-06,Kolkata,Banglore,18:05:00,23:30:00,325,1.0,No Info,6218
Jet Airways,2019-03-09,Delhi,Cochin,20:50:00,18:50:00,1320,1.0,No Info,16289
Jet Airways,2019-03-06,Banglore,New Delhi,16:55:00,08:15:00,920,1.0,No Info,16736
Air India,2019-03-09,Banglore,New Delhi,17:00:00,19:50:00,170,0.0,No Info,9481
Jet Airways,2019-06-01,Delhi,Cochin,08:00:00,19:00:00,660,1.0,No Info,14714
Jet Airways,2019-05-24,Kolkata,Banglore,08:25:00,19:50:00,685,1.0,In-flight meal not included,10844
Multiple Carriers,2019-05-27,Delhi,Cochin,11:40:00,21:00:00,560,1.0,No Info,7005
Multiple Carriers,2019-06-09,Delhi,Cochin,10:00:00,01:30:00,930,1.0,No Info,13377
Jet Airways,2019-06-27,Delhi,Cochin,19:45:00,12:35:00,1010,1.0,In-flight meal not included,10262
Air India,2019-03-18,Banglore,New Delhi,08:50:00,16:30:00,1900,2.0,No Info,10835
Indigo,2019-03-24,Banglore,New Delhi,04:00:00,06:50:00,170,0.0,No Info,4777
Indigo,2019-03-09,Chennai,Kolkata,05:15:00,07:35:00,140,0.0,No Info,6482
Spicejet,2019-04-21,Delhi,Cochin,06:05:00,11:20:00,315,1.0,No Info,5583
Indigo,2019-06-01,Banglore,Delhi,06:05:00,08:50:00,165,0.0,No Info,3943
Indigo,2019-06-12,Delhi,Cochin,15:00:00,01:30:00,630,1.0,No Info,5684
Jet Airways,2019-04-09,Delhi,Cochin,07:05:00,19:00:00,715,1.0,No Info,17531
Jet Airways,2019-03-01,Mumbai,Hyderabad,10:20:00,11:50:00,90,0.0,No Info,10875
Jet Airways,2019-05-24,Banglore,Delhi,08:20:00,11:20:00,180,0.0,No Info,7229
Jet Airways,2019-06-12,Delhi,Cochin,09:40:00,19:00:00,560,2.0,No Info,13014
Air India,2019-03-09,Delhi,Cochin,06:10:00,23:00:00,1010,1.0,No Info,9064
Jet Airways,2019-05-24,Delhi,Cochin,05:30:00,04:25:00,1375,2.0,No Info,15129
Jet Airways,2019-03-21,Delhi,Cochin,19:10:00,04:25:00,1995,2.0,No Info,10929
Air India,2019-06-12,Delhi,Cochin,14:10:00,17:10:00,180,0.0,No Info,5201
Indigo,2019-06-09,Banglore,Delhi,00:25:00,03:15:00,170,0.0,No Info,3943
Spicejet,2019-06-03,Kolkata,Banglore,06:55:00,09:30:00,155,0.0,No check-in baggage included,3841
Air India,2019-06-01,Banglore,Delhi,10:00:00,12:45:00,165,0.0,No Info,6961
Jet Airways,2019-05-18,Delhi,Cochin,22:50:00,12:35:00,825,1.0,In-flight meal not included,12373
Goair,2019-06-09,Delhi,Cochin,05:55:00,13:35:00,460,1.0,No Info,5199
Jet Airways,2019-06-12,Delhi,Cochin,05:30:00,12:35:00,425,2.0,No Info,14441
Spicejet,2019-03-03,Banglore,New Delhi,10:20:00,18:15:00,475,1.0,No Info,11401
Air India,2019-05-15,Delhi,Cochin,08:00:00,19:15:00,675,1.0,No Info,8372
Indigo,2019-05-21,Delhi,Cochin,07:35:00,12:10:00,275,1.0,No Info,5054
Jet Airways,2019-03-12,Banglore,New Delhi,20:35:00,10:45:00,850,1.0,In-flight meal not included,11087
Jet Airways,2019-05-27,Delhi,Cochin,10:00:00,12:35:00,1595,1.0,In-flight meal not included,12898
Multiple Carriers,2019-05-15,Delhi,Cochin,10:00:00,01:30:00,930,1.0,No Info,8073
Indigo,2019-03-09,Delhi,Cochin,16:00:00,21:00:00,300,1.0,No Info,7725
Jet Airways,2019-06-12,Kolkata,Banglore,16:30:00,12:00:00,1170,1.0,No Info,13044
Vistara,2019-05-01,Kolkata,Banglore,17:00:00,10:45:00,1065,1.0,No Info,9187
Indigo,2019-04-06,Banglore,Delhi,20:00:00,22:50:00,170,0.0,No Info,4823
Jet Airways,2019-06-27,Delhi,Cochin,18:15:00,12:35:00,1100,1.0,In-flight meal not included,10262
Multiple Carriers,2019-06-06,Delhi,Cochin,08:45:00,21:00:00,735,1.0,No Info,7740
Jet Airways,2019-05-24,Banglore,Delhi,17:45:00,20:45:00,180,0.0,In-flight meal not included,6144
Jet Airways,2019-06-24,Delhi,Cochin,05:30:00,19:00:00,810,2.0,No Info,13014
Indigo,2019-05-09,Kolkata,Banglore,08:10:00,13:00:00,290,1.0,No Info,5069
Jet Airways,2019-05-15,Kolkata,Banglore,16:30:00,04:40:00,730,1.0,In-flight meal not included,10844
Indigo,2019-03-15,Mumbai,Hyderabad,19:05:00,20:30:00,85,0.0,No Info,2754
Air India,2019-05-15,Delhi,Cochin,22:00:00,19:15:00,1275,2.0,No Info,11281
Jet Airways,2019-05-09,Delhi,Cochin,23:05:00,12:35:00,810,2.0,No Info,15129
Jet Airways,2019-03-01,Banglore,New Delhi,11:40:00,07:40:00,1200,1.0,No Info,22270
Multiple Carriers,2019-05-27,Delhi,Cochin,09:00:00,21:00:00,720,1.0,No Info,7618
Jet Airways,2019-03-15,Banglore,New Delhi,16:55:00,00:45:00,470,1.0,No Info,21934
Spicejet,2019-05-18,Banglore,Delhi,09:30:00,12:20:00,170,0.0,No Info,4423
Jet Airways,2019-05-01,Kolkata,Banglore,09:35:00,21:05:00,690,1.0,In-flight meal not included,12384
Multiple Carriers,2019-06-27,Delhi,Cochin,17:30:00,01:30:00,480,1.0,No Info,13377
Jet Airways,2019-05-09,Delhi,Cochin,11:30:00,19:00:00,450,1.0,No Info,15554
Indigo,2019-04-15,Banglore,Delhi,04:00:00,06:50:00,170,0.0,No Info,4423
Indigo,2019-05-09,Delhi,Cochin,15:10:00,20:00:00,290,1.0,No Info,6147
Jet Airways,2019-05-09,Kolkata,Banglore,14:05:00,19:50:00,345,1.0,In-flight meal not included,10844
Jet Airways,2019-06-09,Kolkata,Banglore,06:30:00,04:40:00,1330,1.0,In-flight meal not included,9663
Air India,2019-06-27,Delhi,Cochin,16:40:00,19:15:00,1595,2.0,No Info,9653
Indigo,2019-06-18,Banglore,Delhi,22:10:00,01:00:00,170,0.0,No Info,3419
Indigo,2019-06-12,Kolkata,Banglore,04:40:00,07:15:00,155,0.0,No Info,4804
Jet Airways,2019-05-12,Mumbai,Hyderabad,19:35:00,21:05:00,90,0.0,No Info,5678
Indigo,2019-06-15,Kolkata,Banglore,09:35:00,12:10:00,155,0.0,No Info,5644
Air Asia,2019-05-01,Kolkata,Banglore,15:10:00,23:30:00,500,2.0,No Info,5192
Indigo,2019-05-21,Kolkata,Banglore,17:15:00,19:50:00,155,0.0,No Info,4804
Multiple Carriers,2019-03-21,Delhi,Cochin,08:00:00,15:30:00,450,1.0,No Info,8307
Air India,2019-05-15,Banglore,Delhi,10:00:00,12:45:00,165,0.0,No Info,6961
Jet Airways,2019-06-12,Kolkata,Banglore,16:30:00,10:05:00,1055,1.0,In-flight meal not included,8529
Jet Airways,2019-06-06,Kolkata,Banglore,20:00:00,16:20:00,1220,1.0,No Info,14571
Jet Airways,2019-05-09,Kolkata,Banglore,18:55:00,09:20:00,865,1.0,In-flight meal not included,9663
Indigo,2019-04-24,Kolkata,Banglore,17:15:00,19:50:00,155,0.0,No Info,4804
Jet Airways,2019-03-06,Banglore,New Delhi,21:25:00,21:20:00,1435,1.0,No Info,17471
Spicejet,2019-04-09,Banglore,Delhi,09:30:00,12:20:00,170,0.0,No check-in baggage included,4319
Jet Airways,2019-06-27,Delhi,Cochin,13:25:00,12:35:00,1390,2.0,In-flight meal not included,11150
Jet Airways,2019-06-12,Kolkata,Banglore,16:30:00,19:50:00,1640,1.0,In-flight meal not included,8529
Indigo,2019-04-15,Delhi,Cochin,05:05:00,16:10:00,665,1.0,No Info,6171
Air India,2019-05-06,Kolkata,Banglore,14:35:00,15:20:00,1485,1.0,No Info,6528
Spicejet,2019-05-06,Mumbai,Hyderabad,05:45:00,07:15:00,90,0.0,No Info,2017
Jet Airways,2019-05-24,Banglore,Delhi,07:10:00,10:10:00,180,0.0,In-flight meal not included,4030
Indigo,2019-06-01,Mumbai,Hyderabad,21:20:00,22:50:00,90,0.0,No Info,2227
Jet Airways,2019-06-24,Delhi,Cochin,20:00:00,04:25:00,505,2.0,In-flight meal not included,12410
Indigo,2019-06-27,Chennai,Kolkata,11:35:00,14:00:00,145,0.0,No Info,3858
Indigo,2019-03-09,Delhi,Cochin,04:45:00,12:55:00,490,1.0,No Info,16162
Air India,2019-05-09,Delhi,Cochin,05:15:00,06:50:00,1535,1.0,No Info,6587
Air Asia,2019-04-09,Kolkata,Banglore,19:55:00,22:25:00,150,0.0,No Info,4107
Jet Airways,2019-03-15,Banglore,New Delhi,18:55:00,00:45:00,350,1.0,No Info,21934
Jet Airways,2019-05-01,Kolkata,Banglore,20:00:00,04:40:00,520,1.0,No Info,13941
Indigo,2019-03-06,Delhi,Cochin,05:05:00,10:05:00,300,1.0,No Info,7894
Air India,2019-05-01,Kolkata,Banglore,12:00:00,21:50:00,590,2.0,No Info,10676
Indigo,2019-06-06,Kolkata,Banglore,08:10:00,13:00:00,290,1.0,No Info,5069
Jet Airways,2019-05-06,Mumbai,Hyderabad,19:35:00,21:05:00,90,0.0,In-flight meal not included,2228
Jet Airways,2019-06-09,Banglore,Delhi,15:15:00,18:10:00,175,0.0,In-flight meal not included,7229
Indigo,2019-05-09,Banglore,Delhi,06:05:00,08:50:00,165,0.0,No Info,4077
Air India,2019-04-03,Mumbai,Hyderabad,21:05:00,22:25:00,80,0.0,No Info,2050
Jet Airways,2019-06-06,Kolkata,Banglore,08:25:00,16:20:00,475,1.0,No Info,14571
Spicejet,2019-04-12,Kolkata,Banglore,17:10:00,19:40:00,150,0.0,No check-in baggage included,3841
Spicejet,2019-04-15,Kolkata,Banglore,09:00:00,11:25:00,145,0.0,No Info,4174
Vistara,2019-04-27,Banglore,Delhi,07:00:00,09:40:00,160,0.0,No Info,5613
Jet Airways,2019-05-09,Delhi,Cochin,20:55:00,04:25:00,450,1.0,No Info,15554
Jet Airways,2019-06-09,Banglore,Delhi,11:10:00,14:05:00,175,0.0,In-flight meal not included,7229
Jet Airways,2019-06-01,Banglore,Delhi,08:20:00,11:20:00,180,0.0,In-flight meal not included,7229
Air India,2019-05-21,Kolkata,Banglore,09:25:00,05:35:00,1210,2.0,No Info,11432
Multiple Carriers,2019-06-15,Delhi,Cochin,09:15:00,19:15:00,600,1.0,No Info,9359
Jet Airways,2019-05-21,Delhi,Cochin,23:05:00,04:25:00,1760,2.0,No Info,15129
Jet Airways,2019-05-18,Kolkata,Banglore,09:35:00,19:10:00,575,1.0,In-flight meal not included,12384
Indigo,2019-04-21,Delhi,Cochin,02:00:00,07:25:00,325,1.0,No Info,5636
Jet Airways,2019-06-09,Delhi,Cochin,22:50:00,04:25:00,335,1.0,No Info,14714
Spicejet,2019-04-15,Delhi,Cochin,15:45:00,22:05:00,380,1.0,No Info,5899
Vistara,2019-06-01,Chennai,Kolkata,07:05:00,09:20:00,135,0.0,No Info,3687
Air India,2019-06-06,Delhi,Cochin,13:00:00,19:15:00,375,1.0,No Info,8372
Jet Airways,2019-06-24,Delhi,Cochin,05:30:00,19:00:00,810,2.0,In-flight meal not included,10368
Indigo,2019-06-24,Kolkata,Banglore,04:40:00,07:15:00,155,0.0,No Info,4804
Multiple Carriers,2019-06-15,Delhi,Cochin,09:00:00,21:00:00,720,1.0,No Info,7933
Jet Airways,2019-03-09,Banglore,New Delhi,08:55:00,09:30:00,1475,1.0,In-flight meal not included,11087
Indigo,2019-05-06,Chennai,Kolkata,05:15:00,07:40:00,145,0.0,No Info,3540
Indigo,2019-06-03,Delhi,Cochin,17:05:00,22:25:00,320,1.0,No Info,6493
Indigo,2019-03-15,Banglore,New Delhi,21:20:00,00:15:00,175,0.0,No Info,8033
Spicejet,2019-06-24,Delhi,Cochin,08:45:00,13:15:00,270,1.0,No check-in baggage included,4760
Indigo,2019-03-24,Kolkata,Banglore,15:10:00,17:45:00,155,0.0,No Info,7615
Jet Airways,2019-04-09,Banglore,Delhi,19:50:00,22:50:00,180,0.0,In-flight meal not included,4544
Indigo,2019-03-01,Banglore,New Delhi,18:55:00,21:45:00,170,0.0,No Info,14306
Jet Airways,2019-06-01,Mumbai,Hyderabad,02:55:00,04:20:00,85,0.0,No Info,5678
Indigo,2019-03-27,Kolkata,Banglore,21:25:00,00:05:00,160,0.0,No Info,4148
Multiple Carriers,2019-06-15,Delhi,Cochin,13:00:00,01:30:00,750,1.0,No Info,7198
Jet Airways,2019-06-12,Delhi,Cochin,08:00:00,04:25:00,1225,1.0,In-flight meal not included,10577
Air India,2019-03-03,Chennai,Kolkata,11:40:00,13:55:00,135,0.0,No Info,10810
Spicejet,2019-03-15,Chennai,Kolkata,09:30:00,12:05:00,155,0.0,No Info,6300
Air India,2019-03-01,Banglore,New Delhi,08:50:00,23:25:00,2315,2.0,No Info,25430
Multiple Carriers,2019-03-06,Delhi,Cochin,17:00:00,01:35:00,515,1.0,No Info,24318
Air India,2019-04-03,Delhi,Cochin,14:10:00,17:10:00,180,0.0,No Info,4729
Multiple Carriers,2019-06-09,Delhi,Cochin,17:50:00,01:30:00,460,2.0,No Info,18485
Multiple Carriers,2019-06-12,Delhi,Cochin,07:05:00,22:30:00,925,1.0,No Info,9646
Jet Airways,2019-03-21,Banglore,New Delhi,08:55:00,15:15:00,380,1.0,In-flight meal not included,7832
Multiple Carriers,2019-05-18,Delhi,Cochin,12:50:00,01:30:00,760,1.0,No Info,7670
Multiple Carriers,2019-05-09,Delhi,Cochin,15:05:00,01:30:00,625,2.0,No Info,18191
Jet Airways,2019-05-12,Kolkata,Banglore,09:35:00,09:45:00,1450,1.0,No Info,14151
Air India,2019-03-09,Delhi,Cochin,22:00:00,19:15:00,1275,2.0,No Info,14851
Multiple Carriers,2019-06-09,Delhi,Cochin,11:40:00,19:00:00,440,1.0,No Info,11789
Jet Airways,2019-05-06,Kolkata,Banglore,21:10:00,12:00:00,890,1.0,In-flight meal not included,9663
Vistara,2019-05-06,Banglore,Delhi,21:00:00,23:50:00,170,0.0,No Info,4668
Jet Airways,2019-05-01,Mumbai,Hyderabad,19:35:00,21:05:00,90,0.0,No Info,5678
Multiple Carriers,2019-05-09,Delhi,Cochin,11:30:00,19:15:00,465,1.0,No Info,14323
Jet Airways,2019-03-21,Delhi,Cochin,16:10:00,18:50:00,1600,2.0,In-flight meal not included,8728
Jet Airways,2019-05-01,Kolkata,Banglore,20:00:00,12:00:00,960,1.0,In-flight meal not included,9663
Air India,2019-06-24,Delhi,Cochin,09:45:00,09:25:00,1420,2.0,No Info,10975
Jet Airways,2019-06-12,Delhi,Cochin,02:15:00,12:35:00,620,1.0,In-flight meal not included,10262
Multiple Carriers,2019-05-09,Delhi,Cochin,06:00:00,19:15:00,795,1.0,No Info,8266
Air India,2019-05-18,Delhi,Cochin,12:55:00,19:15:00,1820,2.0,No Info,13696
Jet Airways,2019-05-24,Kolkata,Banglore,17:00:00,22:05:00,1745,1.0,No Info,13067
Indigo,2019-05-27,Delhi,Cochin,07:35:00,16:10:00,515,1.0,No Info,7514
Air India,2019-03-09,Delhi,Cochin,16:55:00,19:15:00,1580,2.0,No Info,22096
Vistara,2019-06-27,Banglore,Delhi,09:45:00,12:35:00,170,0.0,No Info,4668
Air India,2019-03-27,Delhi,Cochin,05:10:00,08:00:00,170,0.0,No Info,4729
Jet Airways,2019-05-24,Kolkata,Banglore,18:55:00,19:50:00,1495,1.0,In-flight meal not included,10844
Multiple Carriers,2019-03-27,Delhi,Cochin,10:00:00,18:50:00,530,1.0,No Info,11667
Multiple Carriers,2019-03-09,Delhi,Cochin,08:40:00,19:45:00,665,1.0,No Info,18492
Air India,2019-06-24,Delhi,Cochin,19:45:00,19:15:00,1410,2.0,No Info,9443
Jet Airways,2019-04-24,Banglore,Delhi,18:55:00,22:00:00,185,0.0,In-flight meal not included,4544
Jet Airways,2019-06-24,Delhi,Cochin,14:00:00,19:00:00,300,1.0,In-flight meal not included,10262
Jet Airways,2019-03-21,Banglore,New Delhi,08:55:00,19:10:00,615,1.0,In-flight meal not included,7832
Jet Airways,2019-05-21,Kolkata,Banglore,16:30:00,04:40:00,730,1.0,In-flight meal not included,9663
Multiple Carriers,2019-06-27,Delhi,Cochin,10:00:00,21:00:00,660,1.0,No Info,7408
Jet Airways,2019-06-09,Kolkata,Banglore,14:05:00,19:50:00,345,1.0,No Info,14571
Jet Airways,2019-05-09,Delhi,Cochin,02:15:00,12:35:00,620,1.0,In-flight meal not included,12373
Multiple Carriers,2019-06-12,Delhi,Cochin,11:35:00,21:00:00,565,3.0,No Info,15629
Multiple Carriers,2019-03-09,Delhi,Cochin,00:20:00,12:55:00,755,1.0,In-flight meal not included,18260
Jet Airways,2019-05-21,Kolkata,Banglore,21:10:00,09:20:00,730,1.0,No Info,14781
Jet Airways,2019-06-09,Banglore,Delhi,18:55:00,22:00:00,185,0.0,No Info,8016
Jet Airways,2019-06-09,Delhi,Cochin,22:50:00,19:00:00,1210,1.0,No Info,14714
Air India,2019-06-15,Delhi,Cochin,08:00:00,19:15:00,675,1.0,No Info,9929
Jet Airways,2019-05-09,Delhi,Cochin,10:00:00,19:00:00,540,1.0,In-flight meal not included,12373
Jet Airways,2019-03-09,Banglore,New Delhi,08:00:00,21:20:00,800,1.0,In-flight meal not included,11087
Jet Airways,2019-05-27,Delhi,Cochin,23:05:00,04:25:00,1760,2.0,No Info,15129
Jet Airways,2019-06-12,Kolkata,Banglore,20:25:00,09:45:00,800,1.0,No Info,12692
Jet Airways,2019-04-06,Banglore,Delhi,08:20:00,11:20:00,180,0.0,In-flight meal not included,4544
Indigo,2019-06-15,Chennai,Kolkata,22:05:00,00:25:00,140,0.0,No Info,5277
Air Asia,2019-04-27,Kolkata,Banglore,19:55:00,22:25:00,150,0.0,No Info,4409
Jet Airways,2019-05-09,Delhi,Cochin,13:00:00,19:00:00,360,1.0,No Info,15554
Jet Airways,2019-06-03,Delhi,Cochin,09:40:00,12:35:00,1615,2.0,In-flight meal not included,10368
Air India,2019-05-18,Kolkata,Banglore,12:00:00,11:10:00,1390,2.0,No Info,10676
Air India,2019-06-06,Delhi,Cochin,07:00:00,19:15:00,735,1.0,No Info,8669
Air India,2019-03-09,Kolkata,Banglore,14:15:00,16:45:00,150,0.0,No Info,4960
Jet Airways,2019-06-12,Delhi,Cochin,05:30:00,04:25:00,1375,2.0,No Info,13014
Jet Airways,2019-03-21,Delhi,Cochin,05:30:00,18:50:00,800,2.0,No Info,11702
Indigo,2019-06-15,Delhi,Cochin,07:30:00,21:00:00,810,1.0,No Info,6093
Multiple Carriers,2019-06-06,Delhi,Cochin,06:00:00,19:00:00,780,1.0,No Info,11789
Indigo,2019-05-27,Mumbai,Hyderabad,20:05:00,21:40:00,95,0.0,No Info,2227
Air India,2019-06-01,Mumbai,Hyderabad,06:20:00,07:40:00,80,0.0,No Info,3100
Indigo,2019-05-15,Delhi,Cochin,05:05:00,12:10:00,425,1.0,No Info,6818
